nid,mid,did,lid
0cfl4vieycwc,f7c89wka52ap,ukzdxh50ldwf,ossi56ryl5cs
noul0qid5ikx,,t6amnxzpx35z,
tw3oollz7thn,bnkcf3hn8e8k,2egz7zg7po0a,p970ybwi8v9l
,6ad1zdmhq74m,401xl3riuokp,
7iz4ns3ft7y1,zwc1zmqmy4pk,lf2sk4xgl531,jimfhq88ulxa
,56gmox9urmak,pykvkz6k6omv,
8f39t4r56wss,k46dami52x5f,p3w0dt42w7h5,yapdw76xc6xe
qf9u1ueuvspc,oxrtt1nk2cfi,,jr6ysyi0864k
587tqnbr4d7i,,,qkhws4cg45d7
,oar6rqwz8moy,,
w8wp299jchyu,,,
f6pncudapses,,h3vg6hk6j3nd,z5d2mfwkr2ci
f6pncudapses,0d8enpaznsar,h3vg6hk6j3nd,z5d2mfwkr2ci
0chd6x53nxsq,rxxquj40m5yv,,0wrneltwi5yp
w8wp299jchyu,xv78l6n3p3ac,,
,,,mg9w6qsdw2dg
,,,
m1u0yofa7ai5,zl5op5sd9c31,bcnl32ufgisl,w945wlgdzsn0
,biihrfxjozlb,,
t4wlzhkq4iwg,b963kwo2nibg,,
,,,7xdnfcx3ggoq
sen5kxape5mo,,86pyey6bgo8a,kduo1majzkyn
okz9hnbizdi4,yngig6fnw9w4,,gncif5rjwigu
51l3mfdpll5w,,vyhbfl1sw5km,
k27dkqxnerpj,,,
vrhfc18u4guk,tzfsmu5o2i8x,rxcqvrpzi67q,5f6amyykvw03
0050vw28ln7b,,,
4rgntevumkg5,,5g8k9991e7mi,
u56295awrdjk,lmb5x78so8pc,et33y804x0a0,1cpkynz76n6t
,,,
fohl30yop3nm,rti2o2i9no7g,4rhuzxvygzll,lu2mck3zafbi
,,,jopp35kg2ogx
,8ersbv8mmfjb,zn76n8ub6hot,
p7hdkk8byt7i,,79jrjdquk242,
2rfxn59xttu7,osomuxvcxqi8,jqpc3r1f3c4m,vwepoxbzluwp
,m8l0phom5wsx,rvx96ogp8gnr,
robciguigsl7,zlspd8mb5kfe,w75so36hytom,lmbx4dgfhjmk
,,,
gt1el4x0s4cy,,401xl3riuokp,
9snrawb26u58,kcfkhgs1xt1f,k771m2v308ye,cm5zqhvufa40
,2tl5d0xfsnm3,,z9kymsrenxwf
2rfxn59xttu7,,jqpc3r1f3c4m,vwepoxbzluwp
bf236cvtfvtd,niynphbi8b0u,,
6zatybkakfwj,ilink8xxpp43,1kb8dgzpfm41,a2sl2srxwces
,,,
,,f3tk15h6mv2m,won18u7lrxah
28up4t9y6p83,,rzeimpj99afu,1db1cuoj7llf
k27dkqxnerpj,,,zu7366r9re8s
qf9u1ueuvspc,oxrtt1nk2cfi,,jr6ysyi0864k
,bj9k2skk8k62,ckc4563hjv39,2dyja5x3fm51
,xv78l6n3p3ac,,c3cunve037ua
9aax2d16vzhc,f89crkgexyuo,,
m1u0yofa7ai5,zl5op5sd9c31,bcnl32ufgisl,w945wlgdzsn0
rzfbex8pbz3v,rmjq4k6z25vc,idxuxqdz3qe4,e12vdricvzz7
u56295awrdjk,lmb5x78so8pc,et33y804x0a0,1cpkynz76n6t
zycqyz1jb3zc,y3h9iqx2gd0z,,
,twa5d85o13j9,,kduo1majzkyn
28up4t9y6p83,,rzeimpj99afu,
v7xa2n8ko8rc,pq8x34l0k7v5,5qpvj331tz8o,0hv8tuiio419
v7xa2n8ko8rc,pq8x34l0k7v5,5qpvj331tz8o,0hv8tuiio419
,,,e12vdricvzz7
car82aprp3c3,3q9mg0d146re,,
,,,p6slms725zmi
jopmpz5yk6fq,,,
,,sfkvwt1c8ik9,a7oa602jajv4
,8ersbv8mmfjb,,
hnjr1d0i0akq,l7og1lo4088o,qjoqdq2lwz3u,80ondev6uehq
8qni70evh11h,,,3shc6lppm6x8
,,,
iro0rf47ekxs,,,vi18n7w6aga9
zycqyz1jb3zc,y3h9iqx2gd0z,p854hdhy0l6c,7xdnfcx3ggoq
,vcpo7bjoxlkw,xuucxwsyd0fj,i8vtoddjfug1
lwg3ipijliez,lxuka91zyq0z,,tn6mzwp8hwjt
8qni70evh11h,i38ughlxxst6,x3t13wtx4p3r,
28up4t9y6p83,1pstk2gc3vjj,rzeimpj99afu,
,pobd4wfddhq4,,
fohl30yop3nm,rti2o2i9no7g,4rhuzxvygzll,lu2mck3zafbi
,xc8iva8ja4y3,bq28zsdmwtvx,yzrhwg8tea5f
,xvddexr42mv4,,zmvz8jg08lsl
m6tx6xupki51,,,
,biihrfxjozlb,,
k27dkqxnerpj,2jyniz8froy4,,
,m8l0phom5wsx,,vq9zcpin5amy
,biihrfxjozlb,,
t4wlzhkq4iwg,b963kwo2nibg,ckilzggxerel,pnhpmms2ovr2
,,nke7o5dtcys6,ga6ix3d3u4nr
rzfbex8pbz3v,rmjq4k6z25vc,,
m6tx6xupki51,,u2hayy7kdnpv,
,iv3chni4p5md,,
suydph7n6hej,,,
g2go4rkhacw1,,,a7oa602jajv4
u56295awrdjk,lmb5x78so8pc,et33y804x0a0,1cpkynz76n6t
epy2nhcyt2lm,,dkrumpzwxxwx,
f6pncudapses,0d8enpaznsar,h3vg6hk6j3nd,z5d2mfwkr2ci
,g8ojoac3n13p,olfb4xrxzn6d,xzz1d3w669mj
jtiubnnrkl39,x7dl4rb564j4,,
,soz55r6j1g7s,,jopp35kg2ogx
cathk8bnh9u8,720pl8g3hp21,g3alypd0giav,6qw0n8ebutz3
2q7c84d4iwgu,yl1amzxqmef6,4sy2p3cqtnkq,q1yd2l0717cb
gs264xn8ryf1,nin0ihzkqpmw,,
tcu9oyoj3o18,8jjpqk2s0hw3,7wkpbckj0jhp,zch34ezoxmzc
8adnflm98ddu,824dx04x9ri9,,
,,,
uz8yzqpq3ah5,,,
m1smg4is0aap,qmnlupxzxop7,24iokpji7lfu,pdczxw7dy34f
yljf00jvs080,3dqmwznvdcdr,eyycmbvpa8i8,cp8veyv4hlcj
zs27ejmph8kw,3z1w83rbu415,by6morzt6mg1,
,bnkcf3hn8e8k,2egz7zg7po0a,p970ybwi8v9l
itgwbntsn9x4,g5huauy5dvna,zsnz108zhmq6,nvcgf0j6kmne
0cfl4vieycwc,f7c89wka52ap,ukzdxh50ldwf,
40gdmwb6clm9,nhj9f9hh8cma,mqsqv91l49ky,veqpggxhun91
,,,
od0ub60qcxb8,xc8iva8ja4y3,bq28zsdmwtvx,yzrhwg8tea5f
2q7c84d4iwgu,,4sy2p3cqtnkq,
,,,
0ulaiwiut0qs,cv73kn8tvrij,,
iqr8jurwq39o,zuxp1wsio0je,3r84thgei3jh,x105wtdxadeu
hnjr1d0i0akq,l7og1lo4088o,,80ondev6uehq
,,mqsqv91l49ky,veqpggxhun91
1zbouwr3w6jv,jlfa7oclnudn,3ozb3uw72p5u,liqgo1ii25ln
s2kit3gq53tv,aulbkehph0vv,vxbodh068kf3,fxpvebn9wfxd
qc4hzo5cue93,11q7watjvkzi,w17x10dg611n,
a3e27bgubqbm,,,mvsentm37dvg
p81lark46l4k,,5yiykasuvu39,ah7s8ad9ee8f
fohl30yop3nm,rti2o2i9no7g,4rhuzxvygzll,lu2mck3zafbi
izmb8agph995,2ve2qr6k4g7m,0trn4dzzym59,m65vl9e6bf9w
,zlspd8mb5kfe,w75so36hytom,
k27dkqxnerpj,2jyniz8froy4,nw75lc6pvrhd,zu7366r9re8s
,xjgcmxv1vdkl,,
40gdmwb6clm9,nhj9f9hh8cma,mqsqv91l49ky,
,,,zu7366r9re8s
g08dunm7o6un,mqrvi6lxe52z,,
d3vahucu9pl3,9grgjx75j2cd,tm6fhim5nsw7,00hfblurdg5k
lwg3ipijliez,lxuka91zyq0z,umdsb7u18n17,tn6mzwp8hwjt
fohl30yop3nm,rti2o2i9no7g,4rhuzxvygzll,lu2mck3zafbi
,niynphbi8b0u,9wmyl3zt0inb,
8adnflm98ddu,824dx04x9ri9,,
od0ub60qcxb8,xc8iva8ja4y3,bq28zsdmwtvx,yzrhwg8tea5f
fohl30yop3nm,rti2o2i9no7g,4rhuzxvygzll,lu2mck3zafbi
f6pncudapses,0d8enpaznsar,,z5d2mfwkr2ci
m6tx6xupki51,hx5lplorbg1p,u2hayy7kdnpv,
oviiln9qyq9l,o1fvjyphdqjc,wyhxca6siek4,oxl6zecb54u2
,,,
,cv73kn8tvrij,,
,h6edk23wjm8l,,n3iuvq2l6d8p
robciguigsl7,,,
v7xa2n8ko8rc,pq8x34l0k7v5,5qpvj331tz8o,0hv8tuiio419
40gdmwb6clm9,,mqsqv91l49ky,
fohl30yop3nm,rti2o2i9no7g,4rhuzxvygzll,lu2mck3zafbi
177aa3jnkk5k,,ciyjxwecx4vp,qylotq1hayyy
6zatybkakfwj,,1kb8dgzpfm41,a2sl2srxwces
,cv73kn8tvrij,,
,,,
qqypt9e8jkcw,20gled2qppmc,,
,,,
hnjr1d0i0akq,l7og1lo4088o,qjoqdq2lwz3u,80ondev6uehq
7p2obkzr6j1q,6p300v3862r1,ece5c0h16i3x,zukbwd2w3cim
u56295awrdjk,lmb5x78so8pc,et33y804x0a0,1cpkynz76n6t
o951iahykkul,,,
dhk5y2a1mnb9,soz55r6j1g7s,0ux6krzl3div,jopp35kg2ogx
,6pyxwf7h6lnw,,fxplsw3zcpz6
,,,
,,,0psyg7cp3yka
qi4ehp9uubgx,,,
tcu9oyoj3o18,8jjpqk2s0hw3,7wkpbckj0jhp,zch34ezoxmzc
,,,
,pobd4wfddhq4,casb74lq9gxj,
p81lark46l4k,,5yiykasuvu39,
iqr8jurwq39o,zuxp1wsio0je,,
tcu9oyoj3o18,8jjpqk2s0hw3,7wkpbckj0jhp,zch34ezoxmzc
,,,spbba0k5hnga
,niynphbi8b0u,,
,6ad1zdmhq74m,,
,,,uy2o353wte7z
m1u0yofa7ai5,zl5op5sd9c31,bcnl32ufgisl,w945wlgdzsn0
p81lark46l4k,n6afytm5o07q,5yiykasuvu39,
,aulbkehph0vv,,fxpvebn9wfxd
iqr8jurwq39o,zuxp1wsio0je,3r84thgei3jh,x105wtdxadeu
,chdp4bys98vt,,qylotq1hayyy
iqr8jurwq39o,zuxp1wsio0je,3r84thgei3jh,x105wtdxadeu
7p2obkzr6j1q,6p300v3862r1,ece5c0h16i3x,zukbwd2w3cim
,3z1w83rbu415,by6morzt6mg1,2rgfhgzdwbko
,wf75358kelb3,t6amnxzpx35z,ulwjv7eqv3g2
u56295awrdjk,lmb5x78so8pc,et33y804x0a0,1cpkynz76n6t
,aulbkehph0vv,vxbodh068kf3,fxpvebn9wfxd
,15w831wwtv9b,,
hg45rjdxpboa,h6edk23wjm8l,,
,,,gfreje59i9va
5my155ixjbhu,bj9k2skk8k62,ckc4563hjv39,2dyja5x3fm51
tjqfjs5arx7m,,l8enkq82czie,
g08dunm7o6un,mqrvi6lxe52z,,
9aax2d16vzhc,,,moujmbgp8s21
9gnarazxtdcb,s8af5l7hoj90,whdg0vf5ojvr,frokjc3ha98u
,ivcnv5oosg2m,dkrumpzwxxwx,b3c6drjcr2s8
6zatybkakfwj,,1kb8dgzpfm41,a2sl2srxwces
okz9hnbizdi4,,,
tw3oollz7thn,bnkcf3hn8e8k,2egz7zg7po0a,p970ybwi8v9l
4xj3jjm7b47a,rtw6njwfr7mg,wyzpo8xh58fb,d0be0rnfh0zz
,,,
y0p2nqobj6nc,vcpo7bjoxlkw,,
,osomuxvcxqi8,jqpc3r1f3c4m,vwepoxbzluwp
yb1pudotx6l3,2tl5d0xfsnm3,,z9kymsrenxwf
rzfbex8pbz3v,,,
5my155ixjbhu,,ckc4563hjv39,2dyja5x3fm51
1zbouwr3w6jv,,3ozb3uw72p5u,liqgo1ii25ln
gt1el4x0s4cy,,401xl3riuokp,eurek5v2z5mc
si4izgzd89qw,,f3tk15h6mv2m,
vrhfc18u4guk,tzfsmu5o2i8x,rxcqvrpzi67q,5f6amyykvw03
noul0qid5ikx,wf75358kelb3,t6amnxzpx35z,ulwjv7eqv3g2
u56295awrdjk,lmb5x78so8pc,et33y804x0a0,1cpkynz76n6t
d3vahucu9pl3,9grgjx75j2cd,tm6fhim5nsw7,00hfblurdg5k
lwg3ipijliez,,,
dhk5y2a1mnb9,soz55r6j1g7s,,jopp35kg2ogx
,f89crkgexyuo,,moujmbgp8s21
,cv73kn8tvrij,,spbba0k5hnga
oviiln9qyq9l,o1fvjyphdqjc,wyhxca6siek4,oxl6zecb54u2
f6pncudapses,0d8enpaznsar,h3vg6hk6j3nd,z5d2mfwkr2ci
qc4hzo5cue93,,w17x10dg611n,05h8lsk8usq5
,,,
,26ub69dz95mw,,
fohl30yop3nm,rti2o2i9no7g,4rhuzxvygzll,lu2mck3zafbi
yb1pudotx6l3,,,z9kymsrenxwf
iqr8jurwq39o,zuxp1wsio0je,,x105wtdxadeu
,vcpo7bjoxlkw,,i8vtoddjfug1
,zlni4ku5cmsq,,
,soz55r6j1g7s,0ux6krzl3div,
,,b01512z92gze,c3cunve037ua
0chd6x53nxsq,rxxquj40m5yv,273avjyl08rz,0wrneltwi5yp
,,,
epy2nhcyt2lm,ivcnv5oosg2m,dkrumpzwxxwx,
,503pmbay727f,9vbav9vp821m,vi18n7w6aga9
177aa3jnkk5k,,,
uaza6nl9xpg1,,alhpan43ypd0,
1zbouwr3w6jv,jlfa7oclnudn,3ozb3uw72p5u,liqgo1ii25ln
iro0rf47ekxs,503pmbay727f,9vbav9vp821m,vi18n7w6aga9
,2jyniz8froy4,nw75lc6pvrhd,
y0p2nqobj6nc,,,i8vtoddjfug1
,,,
oviiln9qyq9l,o1fvjyphdqjc,wyhxca6siek4,oxl6zecb54u2
,,rzeimpj99afu,1db1cuoj7llf
,26ub69dz95mw,5g8k9991e7mi,
,,,
iro0rf47ekxs,503pmbay727f,9vbav9vp821m,
suydph7n6hej,jc6qiboj0lof,,
,lklv6yfo8jdv,,
car82aprp3c3,3q9mg0d146re,8w81brztsutp,
0cfl4vieycwc,,ukzdxh50ldwf,ossi56ryl5cs
u12lkf5d35bt,biihrfxjozlb,,2ts5w1s3z5yx
,824dx04x9ri9,,0jqoahd5174g
,,,
51l3mfdpll5w,6pyxwf7h6lnw,vyhbfl1sw5km,fxplsw3zcpz6
,,,
vrhfc18u4guk,tzfsmu5o2i8x,rxcqvrpzi67q,5f6amyykvw03
m1u0yofa7ai5,,bcnl32ufgisl,w945wlgdzsn0
8f39t4r56wss,k46dami52x5f,p3w0dt42w7h5,yapdw76xc6xe
,b963kwo2nibg,,
,19ir4doiizsi,,
0cfl4vieycwc,f7c89wka52ap,ukzdxh50ldwf,ossi56ryl5cs
,,,6qw0n8ebutz3
iqr8jurwq39o,zuxp1wsio0je,3r84thgei3jh,
itgwbntsn9x4,g5huauy5dvna,zsnz108zhmq6,nvcgf0j6kmne
tcu9oyoj3o18,8jjpqk2s0hw3,7wkpbckj0jhp,zch34ezoxmzc
gt1el4x0s4cy,6ad1zdmhq74m,,
tcu9oyoj3o18,8jjpqk2s0hw3,7wkpbckj0jhp,zch34ezoxmzc
m1u0yofa7ai5,zl5op5sd9c31,bcnl32ufgisl,w945wlgdzsn0
zs27ejmph8kw,3z1w83rbu415,by6morzt6mg1,
,yl1amzxqmef6,4sy2p3cqtnkq,
,,t6amnxzpx35z,ulwjv7eqv3g2
,xjgcmxv1vdkl,,mfx02o3gq58x
,,,
,,,
,f89crkgexyuo,,moujmbgp8s21
0050vw28ln7b,56gmox9urmak,,
7iz4ns3ft7y1,zwc1zmqmy4pk,lf2sk4xgl531,jimfhq88ulxa
izmb8agph995,2ve2qr6k4g7m,0trn4dzzym59,m65vl9e6bf9w
,nhj9f9hh8cma,mqsqv91l49ky,veqpggxhun91
,wf75358kelb3,,ulwjv7eqv3g2
0ulaiwiut0qs,,,spbba0k5hnga
s2kit3gq53tv,aulbkehph0vv,,fxpvebn9wfxd
tjqfjs5arx7m,,,iibgnhvydcci
azp360civje1,cyr9gnb0o0n7,,
w8wp299jchyu,xv78l6n3p3ac,b01512z92gze,c3cunve037ua
,,,qkhws4cg45d7
cathk8bnh9u8,720pl8g3hp21,,
t4wlzhkq4iwg,,ckilzggxerel,
9aax2d16vzhc,,,
,aydswrz2i1x3,cokyx8z0outh,8dwlo33x6y87
y0p2nqobj6nc,vcpo7bjoxlkw,,i8vtoddjfug1
,6pyxwf7h6lnw,,
2rfxn59xttu7,osomuxvcxqi8,jqpc3r1f3c4m,vwepoxbzluwp
,g5m6olwq60oh,,
tw3oollz7thn,bnkcf3hn8e8k,2egz7zg7po0a,p970ybwi8v9l
m1smg4is0aap,qmnlupxzxop7,24iokpji7lfu,pdczxw7dy34f
iqr8jurwq39o,zuxp1wsio0je,3r84thgei3jh,x105wtdxadeu
9gnarazxtdcb,s8af5l7hoj90,whdg0vf5ojvr,frokjc3ha98u
tw3oollz7thn,bnkcf3hn8e8k,2egz7zg7po0a,p970ybwi8v9l
7p2obkzr6j1q,6p300v3862r1,ece5c0h16i3x,zukbwd2w3cim
0chd6x53nxsq,rxxquj40m5yv,273avjyl08rz,0wrneltwi5yp
,,,7ubc66sbjogr
uaza6nl9xpg1,i2no6z8pq2gc,,
8qni70evh11h,i38ughlxxst6,x3t13wtx4p3r,3shc6lppm6x8
,26ub69dz95mw,,
,,,w8d0siltft34
suydph7n6hej,jc6qiboj0lof,kteiikpzl1xa,f661r3s1fs4h
,,kteiikpzl1xa,f661r3s1fs4h
uz8yzqpq3ah5,,,
,g8ojoac3n13p,,xzz1d3w669mj
,wqxznlsa0l2g,,
w8wp299jchyu,,b01512z92gze,c3cunve037ua
m1u0yofa7ai5,zl5op5sd9c31,bcnl32ufgisl,w945wlgdzsn0
2rfxn59xttu7,osomuxvcxqi8,jqpc3r1f3c4m,vwepoxbzluwp
,kap6d0szs09p,,wxx5ccaqt8df
,jlfa7oclnudn,3ozb3uw72p5u,liqgo1ii25ln
,,,
,yngig6fnw9w4,,gncif5rjwigu
,bnkcf3hn8e8k,2egz7zg7po0a,p970ybwi8v9l
w8wp299jchyu,,b01512z92gze,
,,olfb4xrxzn6d,xzz1d3w669mj
28up4t9y6p83,1pstk2gc3vjj,,
8f39t4r56wss,k46dami52x5f,p3w0dt42w7h5,yapdw76xc6xe
,yngig6fnw9w4,02mabawdidh2,gncif5rjwigu
uz8yzqpq3ah5,,od90ssoq7w7z,
lufi62kyrsdg,xvddexr42mv4,,
vrhfc18u4guk,tzfsmu5o2i8x,rxcqvrpzi67q,5f6amyykvw03
,,,nyiep6kz110r
7p2obkzr6j1q,6p300v3862r1,,zukbwd2w3cim
,cyr9gnb0o0n7,,hvytf2lx00tc
oviiln9qyq9l,o1fvjyphdqjc,wyhxca6siek4,oxl6zecb54u2
m1smg4is0aap,,,pdczxw7dy34f
izmb8agph995,2ve2qr6k4g7m,0trn4dzzym59,m65vl9e6bf9w
51l3mfdpll5w,,,
,,,lmbx4dgfhjmk
,,,
,fhk8l5oiswfk,,nyiep6kz110r
g2go4rkhacw1,83fgenydc0m1,sfkvwt1c8ik9,a7oa602jajv4
ehwkvgfl416b,,,8dwlo33x6y87
4xj3jjm7b47a,rtw6njwfr7mg,wyzpo8xh58fb,d0be0rnfh0zz
ehwkvgfl416b,aydswrz2i1x3,,8dwlo33x6y87
iro0rf47ekxs,503pmbay727f,9vbav9vp821m,vi18n7w6aga9
,67nm5qn9e8c9,,
,,,
3bm0u5erym7b,15w831wwtv9b,odfsldu3v3hx,uy2o353wte7z
m6tx6xupki51,,,
epy2nhcyt2lm,,dkrumpzwxxwx,b3c6drjcr2s8
,,,n3iuvq2l6d8p
robciguigsl7,zlspd8mb5kfe,,lmbx4dgfhjmk
dy0iwfc8xr8a,,,
od0ub60qcxb8,,bq28zsdmwtvx,yzrhwg8tea5f
,,,tfkdvn5p81v9
,x7dl4rb564j4,,
ehwkvgfl416b,aydswrz2i1x3,cokyx8z0outh,8dwlo33x6y87
0chd6x53nxsq,rxxquj40m5yv,273avjyl08rz,0wrneltwi5yp
tgvozwk860i8,9x8vus084btl,,
u56295awrdjk,lmb5x78so8pc,et33y804x0a0,1cpkynz76n6t
,,,
d3vahucu9pl3,9grgjx75j2cd,tm6fhim5nsw7,00hfblurdg5k
,6p300v3862r1,ece5c0h16i3x,zukbwd2w3cim
,lxuka91zyq0z,,
,15w831wwtv9b,,
xcheqg258v2k,,lgytke7mhvrk,
,yngig6fnw9w4,02mabawdidh2,
40gdmwb6clm9,,mqsqv91l49ky,veqpggxhun91
,mqrvi6lxe52z,,
,,,
,f89crkgexyuo,zstumyqk87hg,
uz8yzqpq3ah5,xjgcmxv1vdkl,,
sen5kxape5mo,twa5d85o13j9,,
yb1pudotx6l3,2tl5d0xfsnm3,,
azp360civje1,cyr9gnb0o0n7,8s0liqaas2lp,hvytf2lx00tc
m6tx6xupki51,hx5lplorbg1p,u2hayy7kdnpv,0d6hg38eq9x5
,4yrgue7aws0o,79jrjdquk242,
4rgntevumkg5,26ub69dz95mw,5g8k9991e7mi,gfreje59i9va
8f39t4r56wss,k46dami52x5f,,yapdw76xc6xe
,,,l066ojd7loxp
,soz55r6j1g7s,,
iqr8jurwq39o,,,x105wtdxadeu
s2kit3gq53tv,aulbkehph0vv,,fxpvebn9wfxd
4xj3jjm7b47a,rtw6njwfr7mg,wyzpo8xh58fb,d0be0rnfh0zz
,,,
izmb8agph995,2ve2qr6k4g7m,0trn4dzzym59,m65vl9e6bf9w
,19ir4doiizsi,vuyh311a6p0p,
,yl1amzxqmef6,,q1yd2l0717cb
,,,
9gnarazxtdcb,s8af5l7hoj90,whdg0vf5ojvr,frokjc3ha98u
g2go4rkhacw1,83fgenydc0m1,sfkvwt1c8ik9,a7oa602jajv4
suydph7n6hej,,,
,,,
,,,
2rfxn59xttu7,osomuxvcxqi8,jqpc3r1f3c4m,vwepoxbzluwp
0050vw28ln7b,,,
,a1cnh0m1zckz,,
dy0iwfc8xr8a,lklv6yfo8jdv,,
dhk5y2a1mnb9,,,
5knh3xgck8ex,oar6rqwz8moy,,
,,,
si4izgzd89qw,,,
,b963kwo2nibg,,
izmb8agph995,2ve2qr6k4g7m,0trn4dzzym59,m65vl9e6bf9w
yljf00jvs080,3dqmwznvdcdr,eyycmbvpa8i8,cp8veyv4hlcj
6zatybkakfwj,ilink8xxpp43,1kb8dgzpfm41,
,o1fvjyphdqjc,wyhxca6siek4,oxl6zecb54u2
4xj3jjm7b47a,rtw6njwfr7mg,wyzpo8xh58fb,d0be0rnfh0zz
gt1el4x0s4cy,6ad1zdmhq74m,401xl3riuokp,eurek5v2z5mc
177aa3jnkk5k,,ciyjxwecx4vp,
,aulbkehph0vv,vxbodh068kf3,
,56gmox9urmak,,
,,,
,lxuka91zyq0z,,
,3q9mg0d146re,,1nvhtq8z2y7f
,qem39hcu8e21,i8l2vbcla8qf,
hnjr1d0i0akq,l7og1lo4088o,qjoqdq2lwz3u,80ondev6uehq
,p88sdz0lenjs,,yxrp2o3r1xg1
a3e27bgubqbm,,la30xzq4ttli,
,a1cnh0m1zckz,la30xzq4ttli,
,,,
,,,
tcu9oyoj3o18,8jjpqk2s0hw3,7wkpbckj0jhp,zch34ezoxmzc
1m45kr3sygdl,v4i55vstzq8q,,
jtiubnnrkl39,,,
gs264xn8ryf1,,,p2qtp4x52dsq
,m8l0phom5wsx,,
9gnarazxtdcb,s8af5l7hoj90,whdg0vf5ojvr,frokjc3ha98u
qc4hzo5cue93,11q7watjvkzi,w17x10dg611n,05h8lsk8usq5
o951iahykkul,fhk8l5oiswfk,,nyiep6kz110r
28up4t9y6p83,1pstk2gc3vjj,rzeimpj99afu,
cathk8bnh9u8,,,6qw0n8ebutz3
jtiubnnrkl39,,,
8adnflm98ddu,,5d1546xoh57f,
,i2no6z8pq2gc,,
0cfl4vieycwc,f7c89wka52ap,ukzdxh50ldwf,ossi56ryl5cs
yljf00jvs080,,eyycmbvpa8i8,cp8veyv4hlcj
4xj3jjm7b47a,rtw6njwfr7mg,wyzpo8xh58fb,d0be0rnfh0zz
,x7dl4rb564j4,egxass7976v8,
jopmpz5yk6fq,g8ojoac3n13p,,
v7xa2n8ko8rc,pq8x34l0k7v5,,0hv8tuiio419
51l3mfdpll5w,6pyxwf7h6lnw,,
,v3772knkwwcw,25nt114pkby5,
,,,
0ulaiwiut0qs,,7w6shbzeh5dv,spbba0k5hnga
,,,
o951iahykkul,fhk8l5oiswfk,zk8mg6rqv26v,nyiep6kz110r
lwg3ipijliez,,,
,3dqmwznvdcdr,eyycmbvpa8i8,cp8veyv4hlcj
t4wlzhkq4iwg,,,
177aa3jnkk5k,chdp4bys98vt,,
okz9hnbizdi4,yngig6fnw9w4,02mabawdidh2,gncif5rjwigu
1m45kr3sygdl,,,
5my155ixjbhu,bj9k2skk8k62,,2dyja5x3fm51
jopmpz5yk6fq,g8ojoac3n13p,olfb4xrxzn6d,xzz1d3w669mj
od0ub60qcxb8,xc8iva8ja4y3,bq28zsdmwtvx,yzrhwg8tea5f
,f89crkgexyuo,zstumyqk87hg,moujmbgp8s21
,,75125qm6w44t,
vrhfc18u4guk,tzfsmu5o2i8x,rxcqvrpzi67q,5f6amyykvw03
bf236cvtfvtd,,,a03999zt9s5i
d3vahucu9pl3,9grgjx75j2cd,tm6fhim5nsw7,00hfblurdg5k
iro0rf47ekxs,503pmbay727f,9vbav9vp821m,vi18n7w6aga9
p81lark46l4k,,,
izmb8agph995,2ve2qr6k4g7m,0trn4dzzym59,m65vl9e6bf9w
w8wp299jchyu,,,
tw3oollz7thn,bnkcf3hn8e8k,2egz7zg7po0a,p970ybwi8v9l
9snrawb26u58,kcfkhgs1xt1f,k771m2v308ye,
ehwkvgfl416b,aydswrz2i1x3,cokyx8z0outh,8dwlo33x6y87
zycqyz1jb3zc,,,7xdnfcx3ggoq
4xj3jjm7b47a,rtw6njwfr7mg,wyzpo8xh58fb,d0be0rnfh0zz
hnjr1d0i0akq,l7og1lo4088o,qjoqdq2lwz3u,80ondev6uehq
5my155ixjbhu,bj9k2skk8k62,ckc4563hjv39,2dyja5x3fm51
suydph7n6hej,,kteiikpzl1xa,
,fhk8l5oiswfk,,nyiep6kz110r
,,,kduo1majzkyn
0chd6x53nxsq,rxxquj40m5yv,273avjyl08rz,0wrneltwi5yp
28up4t9y6p83,1pstk2gc3vjj,,1db1cuoj7llf
8f39t4r56wss,k46dami52x5f,p3w0dt42w7h5,yapdw76xc6xe
iqr8jurwq39o,zuxp1wsio0je,3r84thgei3jh,x105wtdxadeu
7p2obkzr6j1q,6p300v3862r1,ece5c0h16i3x,zukbwd2w3cim
,,,
,kcfkhgs1xt1f,k771m2v308ye,cm5zqhvufa40
ehwkvgfl416b,aydswrz2i1x3,cokyx8z0outh,8dwlo33x6y87
,,,
7iz4ns3ft7y1,zwc1zmqmy4pk,lf2sk4xgl531,jimfhq88ulxa
9snrawb26u58,kcfkhgs1xt1f,k771m2v308ye,cm5zqhvufa40
,chdp4bys98vt,ciyjxwecx4vp,
0cfl4vieycwc,,,ossi56ryl5cs
,,,
,qmnlupxzxop7,24iokpji7lfu,pdczxw7dy34f
177aa3jnkk5k,chdp4bys98vt,,
m6tx6xupki51,hx5lplorbg1p,,
7p3rkzsg0hjk,19ir4doiizsi,,
azp360civje1,cyr9gnb0o0n7,8s0liqaas2lp,
zf8esuxuzn46,,,
g2go4rkhacw1,83fgenydc0m1,sfkvwt1c8ik9,a7oa602jajv4
,1pstk2gc3vjj,,1db1cuoj7llf
v7xa2n8ko8rc,pq8x34l0k7v5,5qpvj331tz8o,0hv8tuiio419
uoczsmrrij6m,,,ir9xrdu7a450
qi4ehp9uubgx,kap6d0szs09p,5537t87i80fa,
0050vw28ln7b,,,7ubc66sbjogr
,,vuyh311a6p0p,o1vq5y3ep4cu
g2go4rkhacw1,83fgenydc0m1,,
0chd6x53nxsq,,273avjyl08rz,0wrneltwi5yp
8qni70evh11h,,x3t13wtx4p3r,3shc6lppm6x8
,,vyhbfl1sw5km,fxplsw3zcpz6
d3vahucu9pl3,9grgjx75j2cd,tm6fhim5nsw7,00hfblurdg5k
,m8l0phom5wsx,,vq9zcpin5amy
,vcpo7bjoxlkw,,i8vtoddjfug1
,g5huauy5dvna,,
m1u0yofa7ai5,zl5op5sd9c31,bcnl32ufgisl,w945wlgdzsn0
,hx5lplorbg1p,u2hayy7kdnpv,0d6hg38eq9x5
jtiubnnrkl39,,,
,,,
,v4i55vstzq8q,16qz2165cox1,
m1u0yofa7ai5,zl5op5sd9c31,bcnl32ufgisl,w945wlgdzsn0
,v4i55vstzq8q,,
f6pncudapses,0d8enpaznsar,h3vg6hk6j3nd,z5d2mfwkr2ci
od0ub60qcxb8,xc8iva8ja4y3,,yzrhwg8tea5f
,qmnlupxzxop7,24iokpji7lfu,pdczxw7dy34f
u12lkf5d35bt,biihrfxjozlb,q0z8r01jghbw,2ts5w1s3z5yx
7p2obkzr6j1q,6p300v3862r1,ece5c0h16i3x,zukbwd2w3cim
zf8esuxuzn46,8ersbv8mmfjb,zn76n8ub6hot,c7ikprds2d5f
zycqyz1jb3zc,y3h9iqx2gd0z,,7xdnfcx3ggoq
ehwkvgfl416b,aydswrz2i1x3,cokyx8z0outh,
,,,
car82aprp3c3,3q9mg0d146re,,1nvhtq8z2y7f
itgwbntsn9x4,g5huauy5dvna,,nvcgf0j6kmne
,2tl5d0xfsnm3,rh3iobnys9sz,z9kymsrenxwf
iro0rf47ekxs,503pmbay727f,9vbav9vp821m,vi18n7w6aga9
,jc6qiboj0lof,,
8adnflm98ddu,824dx04x9ri9,5d1546xoh57f,0jqoahd5174g
,g5m6olwq60oh,,
8adnflm98ddu,,,
y0p2nqobj6nc,vcpo7bjoxlkw,,i8vtoddjfug1
,19ir4doiizsi,,o1vq5y3ep4cu
y0p2nqobj6nc,vcpo7bjoxlkw,xuucxwsyd0fj,i8vtoddjfug1
uoczsmrrij6m,qem39hcu8e21,i8l2vbcla8qf,ir9xrdu7a450
8f39t4r56wss,k46dami52x5f,p3w0dt42w7h5,yapdw76xc6xe
54w2kral21ja,v3772knkwwcw,25nt114pkby5,a2e1cxge5p5l
si4izgzd89qw,zlni4ku5cmsq,,
jopmpz5yk6fq,,,
yljf00jvs080,3dqmwznvdcdr,eyycmbvpa8i8,cp8veyv4hlcj
f6pncudapses,0d8enpaznsar,h3vg6hk6j3nd,z5d2mfwkr2ci
,cyr9gnb0o0n7,8s0liqaas2lp,hvytf2lx00tc
yljf00jvs080,3dqmwznvdcdr,eyycmbvpa8i8,
,720pl8g3hp21,,
yb1pudotx6l3,2tl5d0xfsnm3,rh3iobnys9sz,
,2tl5d0xfsnm3,rh3iobnys9sz,
suydph7n6hej,,kteiikpzl1xa,f661r3s1fs4h
uaza6nl9xpg1,i2no6z8pq2gc,,
g08dunm7o6un,,gtkjfr6kufga,
28up4t9y6p83,,,1db1cuoj7llf
6zatybkakfwj,ilink8xxpp43,,a2sl2srxwces
,9x8vus084btl,ipih2woggj79,
,,,134xgi8jr8xl
9aax2d16vzhc,f89crkgexyuo,zstumyqk87hg,moujmbgp8s21
587tqnbr4d7i,,a5ahmevjj268,
g2go4rkhacw1,83fgenydc0m1,sfkvwt1c8ik9,a7oa602jajv4
f6pncudapses,0d8enpaznsar,h3vg6hk6j3nd,z5d2mfwkr2ci
epy2nhcyt2lm,,,b3c6drjcr2s8
,,,
tcu9oyoj3o18,8jjpqk2s0hw3,7wkpbckj0jhp,zch34ezoxmzc
,ilink8xxpp43,1kb8dgzpfm41,a2sl2srxwces
noul0qid5ikx,wf75358kelb3,t6amnxzpx35z,
,qmnlupxzxop7,,pdczxw7dy34f
,nin0ihzkqpmw,,
zdw7pde6n8x1,,,vq9zcpin5amy
,,401xl3riuokp,eurek5v2z5mc
si4izgzd89qw,zlni4ku5cmsq,f3tk15h6mv2m,won18u7lrxah
qc4hzo5cue93,,,05h8lsk8usq5
vrhfc18u4guk,tzfsmu5o2i8x,rxcqvrpzi67q,5f6amyykvw03
car82aprp3c3,3q9mg0d146re,8w81brztsutp,1nvhtq8z2y7f
,y3h9iqx2gd0z,,
0cfl4vieycwc,f7c89wka52ap,,ossi56ryl5cs
7iz4ns3ft7y1,zwc1zmqmy4pk,lf2sk4xgl531,jimfhq88ulxa
yd8h34gpuoeb,,,
oviiln9qyq9l,o1fvjyphdqjc,,oxl6zecb54u2
,,dkrumpzwxxwx,b3c6drjcr2s8
,,,
yljf00jvs080,3dqmwznvdcdr,eyycmbvpa8i8,cp8veyv4hlcj
7p3rkzsg0hjk,,,
dy0iwfc8xr8a,,7bmxf8wu7qxu,
1zbouwr3w6jv,jlfa7oclnudn,3ozb3uw72p5u,liqgo1ii25ln
,,5yiykasuvu39,ah7s8ad9ee8f
v7xa2n8ko8rc,pq8x34l0k7v5,5qpvj331tz8o,0hv8tuiio419
,,,
0chd6x53nxsq,rxxquj40m5yv,273avjyl08rz,0wrneltwi5yp
g2go4rkhacw1,83fgenydc0m1,sfkvwt1c8ik9,
v7xa2n8ko8rc,pq8x34l0k7v5,5qpvj331tz8o,0hv8tuiio419
s2kit3gq53tv,,,
9gnarazxtdcb,,whdg0vf5ojvr,frokjc3ha98u
,,,
,ilink8xxpp43,,a2sl2srxwces
40gdmwb6clm9,,,veqpggxhun91
car82aprp3c3,,,1nvhtq8z2y7f
9snrawb26u58,kcfkhgs1xt1f,k771m2v308ye,cm5zqhvufa40
p7hdkk8byt7i,,,
,h6edk23wjm8l,,
k27dkqxnerpj,2jyniz8froy4,,zu7366r9re8s
robciguigsl7,,,
ehwkvgfl416b,aydswrz2i1x3,cokyx8z0outh,8dwlo33x6y87
g2go4rkhacw1,83fgenydc0m1,sfkvwt1c8ik9,a7oa602jajv4
izmb8agph995,2ve2qr6k4g7m,0trn4dzzym59,m65vl9e6bf9w
,9x8vus084btl,,
4rgntevumkg5,26ub69dz95mw,,gfreje59i9va
jopmpz5yk6fq,,olfb4xrxzn6d,xzz1d3w669mj
,,,
3bm0u5erym7b,,,uy2o353wte7z
7p2obkzr6j1q,6p300v3862r1,ece5c0h16i3x,zukbwd2w3cim
1zbouwr3w6jv,jlfa7oclnudn,3ozb3uw72p5u,liqgo1ii25ln
4xj3jjm7b47a,rtw6njwfr7mg,wyzpo8xh58fb,d0be0rnfh0zz
8f39t4r56wss,k46dami52x5f,p3w0dt42w7h5,yapdw76xc6xe
xcheqg258v2k,g5m6olwq60oh,lgytke7mhvrk,y1hx0s3nhubb
jps0cri5vlei,pobd4wfddhq4,,p6slms725zmi
d3vahucu9pl3,9grgjx75j2cd,tm6fhim5nsw7,00hfblurdg5k
hg45rjdxpboa,h6edk23wjm8l,,n3iuvq2l6d8p
,x7dl4rb564j4,,w8d0siltft34
xcheqg258v2k,g5m6olwq60oh,,y1hx0s3nhubb
hnjr1d0i0akq,l7og1lo4088o,qjoqdq2lwz3u,80ondev6uehq
qc4hzo5cue93,11q7watjvkzi,,05h8lsk8usq5
od0ub60qcxb8,xc8iva8ja4y3,bq28zsdmwtvx,yzrhwg8tea5f
,,,
,720pl8g3hp21,,6qw0n8ebutz3
tgvozwk860i8,,ipih2woggj79,mg9w6qsdw2dg
zs27ejmph8kw,3z1w83rbu415,by6morzt6mg1,2rgfhgzdwbko
d3vahucu9pl3,,tm6fhim5nsw7,00hfblurdg5k
,nhj9f9hh8cma,,veqpggxhun91
itgwbntsn9x4,,,nvcgf0j6kmne
yljf00jvs080,3dqmwznvdcdr,,cp8veyv4hlcj
lufi62kyrsdg,,,zmvz8jg08lsl
,,79jrjdquk242,2s3f57vggi6m
,zlspd8mb5kfe,,
cnhfm7zj4h07,wqxznlsa0l2g,nke7o5dtcys6,ga6ix3d3u4nr
zf8esuxuzn46,,zn76n8ub6hot,
yb1pudotx6l3,2tl5d0xfsnm3,rh3iobnys9sz,z9kymsrenxwf
5my155ixjbhu,bj9k2skk8k62,ckc4563hjv39,2dyja5x3fm51
5knh3xgck8ex,oar6rqwz8moy,pitwi4xtb2oa,134xgi8jr8xl
bf236cvtfvtd,,9wmyl3zt0inb,a03999zt9s5i
yd8h34gpuoeb,,,yxrp2o3r1xg1
,g5huauy5dvna,,nvcgf0j6kmne
w8wp299jchyu,xv78l6n3p3ac,b01512z92gze,
zf8esuxuzn46,,,c7ikprds2d5f
,,,
okz9hnbizdi4,yngig6fnw9w4,02mabawdidh2,gncif5rjwigu
yd8h34gpuoeb,p88sdz0lenjs,75125qm6w44t,yxrp2o3r1xg1
p81lark46l4k,n6afytm5o07q,5yiykasuvu39,
177aa3jnkk5k,,,
,fhk8l5oiswfk,zk8mg6rqv26v,
azp360civje1,,8s0liqaas2lp,hvytf2lx00tc
40gdmwb6clm9,nhj9f9hh8cma,,
lufi62kyrsdg,,,
g2go4rkhacw1,83fgenydc0m1,sfkvwt1c8ik9,a7oa602jajv4
,,,
rzfbex8pbz3v,rmjq4k6z25vc,,
okz9hnbizdi4,,,gncif5rjwigu
robciguigsl7,zlspd8mb5kfe,,
uoczsmrrij6m,,,
t4wlzhkq4iwg,b963kwo2nibg,,
qc4hzo5cue93,11q7watjvkzi,,05h8lsk8usq5
6zatybkakfwj,ilink8xxpp43,1kb8dgzpfm41,
,wqxznlsa0l2g,,ga6ix3d3u4nr
dy0iwfc8xr8a,,7bmxf8wu7qxu,4uyw69lbg4d3
,,,
,a1cnh0m1zckz,,
,,,
7p3rkzsg0hjk,,vuyh311a6p0p,
,fhk8l5oiswfk,,
tcu9oyoj3o18,8jjpqk2s0hw3,7wkpbckj0jhp,zch34ezoxmzc
s2kit3gq53tv,aulbkehph0vv,vxbodh068kf3,fxpvebn9wfxd
y0p2nqobj6nc,,,
bf236cvtfvtd,niynphbi8b0u,9wmyl3zt0inb,a03999zt9s5i
4xj3jjm7b47a,rtw6njwfr7mg,wyzpo8xh58fb,d0be0rnfh0zz
,,,vi18n7w6aga9
,824dx04x9ri9,,
ehwkvgfl416b,aydswrz2i1x3,cokyx8z0outh,8dwlo33x6y87
,xjgcmxv1vdkl,od90ssoq7w7z,
vrhfc18u4guk,tzfsmu5o2i8x,rxcqvrpzi67q,5f6amyykvw03
,,4sy2p3cqtnkq,q1yd2l0717cb
,y3h9iqx2gd0z,p854hdhy0l6c,
,67nm5qn9e8c9,,
0chd6x53nxsq,rxxquj40m5yv,273avjyl08rz,0wrneltwi5yp
,,,p2qtp4x52dsq
,,,
,,,
car82aprp3c3,3q9mg0d146re,8w81brztsutp,1nvhtq8z2y7f
1m45kr3sygdl,v4i55vstzq8q,16qz2165cox1,l066ojd7loxp
uaza6nl9xpg1,,,
si4izgzd89qw,,f3tk15h6mv2m,won18u7lrxah
f6pncudapses,0d8enpaznsar,h3vg6hk6j3nd,z5d2mfwkr2ci
8qni70evh11h,,x3t13wtx4p3r,3shc6lppm6x8
,15w831wwtv9b,odfsldu3v3hx,
,,,
,soz55r6j1g7s,,
4xj3jjm7b47a,rtw6njwfr7mg,wyzpo8xh58fb,d0be0rnfh0zz
,720pl8g3hp21,g3alypd0giav,
,,,
p81lark46l4k,,,ah7s8ad9ee8f
tjqfjs5arx7m,iv3chni4p5md,l8enkq82czie,iibgnhvydcci
587tqnbr4d7i,67nm5qn9e8c9,a5ahmevjj268,qkhws4cg45d7
8f39t4r56wss,k46dami52x5f,p3w0dt42w7h5,yapdw76xc6xe
,f7c89wka52ap,ukzdxh50ldwf,ossi56ryl5cs
tw3oollz7thn,,2egz7zg7po0a,p970ybwi8v9l
a3e27bgubqbm,,,
zs27ejmph8kw,,by6morzt6mg1,2rgfhgzdwbko
,,,
,yl1amzxqmef6,,
gs264xn8ryf1,nin0ihzkqpmw,,p2qtp4x52dsq
,,,
epy2nhcyt2lm,ivcnv5oosg2m,,
,,zn76n8ub6hot,
cnhfm7zj4h07,,,
azp360civje1,,,
w8wp299jchyu,xv78l6n3p3ac,,
,k46dami52x5f,p3w0dt42w7h5,yapdw76xc6xe
,niynphbi8b0u,,
,,,
,,,
s2kit3gq53tv,,,fxpvebn9wfxd
v7xa2n8ko8rc,pq8x34l0k7v5,5qpvj331tz8o,0hv8tuiio419
7iz4ns3ft7y1,zwc1zmqmy4pk,lf2sk4xgl531,jimfhq88ulxa
azp360civje1,,8s0liqaas2lp,
,ivcnv5oosg2m,,b3c6drjcr2s8
2q7c84d4iwgu,,,
2rfxn59xttu7,osomuxvcxqi8,jqpc3r1f3c4m,vwepoxbzluwp
yd8h34gpuoeb,p88sdz0lenjs,,
u56295awrdjk,lmb5x78so8pc,et33y804x0a0,1cpkynz76n6t
9aax2d16vzhc,f89crkgexyuo,zstumyqk87hg,moujmbgp8s21
uaza6nl9xpg1,i2no6z8pq2gc,alhpan43ypd0,0psyg7cp3yka
,f7c89wka52ap,ukzdxh50ldwf,ossi56ryl5cs
qc4hzo5cue93,,w17x10dg611n,05h8lsk8usq5
u12lkf5d35bt,biihrfxjozlb,,
,rmjq4k6z25vc,,
,aulbkehph0vv,,fxpvebn9wfxd
7iz4ns3ft7y1,zwc1zmqmy4pk,lf2sk4xgl531,jimfhq88ulxa
8f39t4r56wss,k46dami52x5f,p3w0dt42w7h5,yapdw76xc6xe
yljf00jvs080,,eyycmbvpa8i8,cp8veyv4hlcj
,,,xr4215bmij07
9snrawb26u58,kcfkhgs1xt1f,k771m2v308ye,cm5zqhvufa40
,,,tn6mzwp8hwjt
k27dkqxnerpj,,,
m6tx6xupki51,hx5lplorbg1p,u2hayy7kdnpv,
m1u0yofa7ai5,zl5op5sd9c31,bcnl32ufgisl,w945wlgdzsn0
lufi62kyrsdg,,9eb9y684g7z1,
azp360civje1,cyr9gnb0o0n7,,hvytf2lx00tc
0050vw28ln7b,56gmox9urmak,,7ubc66sbjogr
,xc8iva8ja4y3,bq28zsdmwtvx,yzrhwg8tea5f
,,,
noul0qid5ikx,wf75358kelb3,t6amnxzpx35z,
9snrawb26u58,kcfkhgs1xt1f,k771m2v308ye,cm5zqhvufa40
p81lark46l4k,n6afytm5o07q,,
9snrawb26u58,kcfkhgs1xt1f,k771m2v308ye,cm5zqhvufa40
8adnflm98ddu,,5d1546xoh57f,0jqoahd5174g
g08dunm7o6un,mqrvi6lxe52z,gtkjfr6kufga,tfkdvn5p81v9
tcu9oyoj3o18,8jjpqk2s0hw3,7wkpbckj0jhp,zch34ezoxmzc
qi4ehp9uubgx,kap6d0szs09p,,
,twa5d85o13j9,86pyey6bgo8a,
9gnarazxtdcb,s8af5l7hoj90,,frokjc3ha98u
m1smg4is0aap,qmnlupxzxop7,24iokpji7lfu,
tcu9oyoj3o18,8jjpqk2s0hw3,7wkpbckj0jhp,zch34ezoxmzc
u56295awrdjk,lmb5x78so8pc,et33y804x0a0,1cpkynz76n6t
1zbouwr3w6jv,jlfa7oclnudn,3ozb3uw72p5u,liqgo1ii25ln
hnjr1d0i0akq,l7og1lo4088o,qjoqdq2lwz3u,80ondev6uehq
jtiubnnrkl39,x7dl4rb564j4,,w8d0siltft34
3bm0u5erym7b,,odfsldu3v3hx,
azp360civje1,cyr9gnb0o0n7,8s0liqaas2lp,
noul0qid5ikx,,,ulwjv7eqv3g2
,,,
xcheqg258v2k,g5m6olwq60oh,,
hg45rjdxpboa,,,n3iuvq2l6d8p
,i38ughlxxst6,x3t13wtx4p3r,3shc6lppm6x8
0chd6x53nxsq,rxxquj40m5yv,273avjyl08rz,0wrneltwi5yp
,,,a2e1cxge5p5l
,3dqmwznvdcdr,eyycmbvpa8i8,cp8veyv4hlcj
,jc6qiboj0lof,,f661r3s1fs4h
,,ciyjxwecx4vp,qylotq1hayyy
u12lkf5d35bt,,q0z8r01jghbw,
1zbouwr3w6jv,jlfa7oclnudn,3ozb3uw72p5u,liqgo1ii25ln
,,,
5my155ixjbhu,bj9k2skk8k62,ckc4563hjv39,2dyja5x3fm51
,kap6d0szs09p,5537t87i80fa,wxx5ccaqt8df
,,,
5my155ixjbhu,bj9k2skk8k62,ckc4563hjv39,2dyja5x3fm51
,g5huauy5dvna,zsnz108zhmq6,
v7xa2n8ko8rc,pq8x34l0k7v5,5qpvj331tz8o,0hv8tuiio419
,zlni4ku5cmsq,f3tk15h6mv2m,
,oxrtt1nk2cfi,,jr6ysyi0864k
5my155ixjbhu,bj9k2skk8k62,ckc4563hjv39,2dyja5x3fm51
qf9u1ueuvspc,oxrtt1nk2cfi,hhmdpnssf1t4,
,jc6qiboj0lof,kteiikpzl1xa,
rzfbex8pbz3v,,idxuxqdz3qe4,
oviiln9qyq9l,o1fvjyphdqjc,wyhxca6siek4,oxl6zecb54u2
iro0rf47ekxs,503pmbay727f,,
fohl30yop3nm,rti2o2i9no7g,4rhuzxvygzll,lu2mck3zafbi
,824dx04x9ri9,5d1546xoh57f,
,,,
v7xa2n8ko8rc,pq8x34l0k7v5,5qpvj331tz8o,0hv8tuiio419
noul0qid5ikx,,,
5knh3xgck8ex,oar6rqwz8moy,,134xgi8jr8xl
,nin0ihzkqpmw,qsg32f9m633s,
,f89crkgexyuo,,moujmbgp8s21
zs27ejmph8kw,,,2rgfhgzdwbko
,,,
,6pyxwf7h6lnw,vyhbfl1sw5km,
,n6afytm5o07q,5yiykasuvu39,ah7s8ad9ee8f
tw3oollz7thn,bnkcf3hn8e8k,2egz7zg7po0a,
,nin0ihzkqpmw,,p2qtp4x52dsq
iqr8jurwq39o,zuxp1wsio0je,3r84thgei3jh,x105wtdxadeu
51l3mfdpll5w,,vyhbfl1sw5km,fxplsw3zcpz6
p7hdkk8byt7i,,79jrjdquk242,2s3f57vggi6m
uoczsmrrij6m,qem39hcu8e21,i8l2vbcla8qf,ir9xrdu7a450
cnhfm7zj4h07,,nke7o5dtcys6,
,20gled2qppmc,,
p7hdkk8byt7i,,,
1zbouwr3w6jv,jlfa7oclnudn,3ozb3uw72p5u,liqgo1ii25ln
54w2kral21ja,v3772knkwwcw,,a2e1cxge5p5l
tcu9oyoj3o18,8jjpqk2s0hw3,7wkpbckj0jhp,zch34ezoxmzc
6zatybkakfwj,ilink8xxpp43,,a2sl2srxwces
lufi62kyrsdg,xvddexr42mv4,9eb9y684g7z1,zmvz8jg08lsl
uz8yzqpq3ah5,xjgcmxv1vdkl,od90ssoq7w7z,mfx02o3gq58x
qqypt9e8jkcw,20gled2qppmc,z3btt328knmc,xr4215bmij07
,qem39hcu8e21,,ir9xrdu7a450
,1pstk2gc3vjj,rzeimpj99afu,1db1cuoj7llf
gs264xn8ryf1,nin0ihzkqpmw,qsg32f9m633s,p2qtp4x52dsq
,y3h9iqx2gd0z,,7xdnfcx3ggoq
,qem39hcu8e21,,
,xjgcmxv1vdkl,,
g2go4rkhacw1,83fgenydc0m1,,a7oa602jajv4
,,,
cathk8bnh9u8,,g3alypd0giav,6qw0n8ebutz3
,g5huauy5dvna,,nvcgf0j6kmne
9gnarazxtdcb,s8af5l7hoj90,whdg0vf5ojvr,frokjc3ha98u
izmb8agph995,2ve2qr6k4g7m,0trn4dzzym59,m65vl9e6bf9w
,qem39hcu8e21,,ir9xrdu7a450
,2tl5d0xfsnm3,,z9kymsrenxwf
,lklv6yfo8jdv,,4uyw69lbg4d3
jopmpz5yk6fq,g8ojoac3n13p,,
2rfxn59xttu7,osomuxvcxqi8,jqpc3r1f3c4m,vwepoxbzluwp
7p3rkzsg0hjk,,vuyh311a6p0p,o1vq5y3ep4cu
u12lkf5d35bt,,,
d3vahucu9pl3,9grgjx75j2cd,,00hfblurdg5k
,,,
,g5huauy5dvna,,nvcgf0j6kmne
,lxuka91zyq0z,,
0ulaiwiut0qs,cv73kn8tvrij,7w6shbzeh5dv,spbba0k5hnga
gt1el4x0s4cy,,,
,rxxquj40m5yv,273avjyl08rz,0wrneltwi5yp
,0d8enpaznsar,h3vg6hk6j3nd,z5d2mfwkr2ci
epy2nhcyt2lm,ivcnv5oosg2m,dkrumpzwxxwx,b3c6drjcr2s8
,9x8vus084btl,,mg9w6qsdw2dg
8qni70evh11h,i38ughlxxst6,x3t13wtx4p3r,3shc6lppm6x8
,s8af5l7hoj90,whdg0vf5ojvr,frokjc3ha98u
hg45rjdxpboa,h6edk23wjm8l,3b5h35i5ydb6,n3iuvq2l6d8p
,fhk8l5oiswfk,,nyiep6kz110r
itgwbntsn9x4,,,
,,,
izmb8agph995,2ve2qr6k4g7m,0trn4dzzym59,m65vl9e6bf9w
0chd6x53nxsq,rxxquj40m5yv,273avjyl08rz,0wrneltwi5yp
54w2kral21ja,,25nt114pkby5,
a3e27bgubqbm,a1cnh0m1zckz,la30xzq4ttli,mvsentm37dvg
,3q9mg0d146re,8w81brztsutp,
,,,
,g5huauy5dvna,zsnz108zhmq6,nvcgf0j6kmne
zf8esuxuzn46,8ersbv8mmfjb,,
1zbouwr3w6jv,jlfa7oclnudn,3ozb3uw72p5u,liqgo1ii25ln
,,8s0liqaas2lp,hvytf2lx00tc
ehwkvgfl416b,aydswrz2i1x3,cokyx8z0outh,8dwlo33x6y87
5knh3xgck8ex,,pitwi4xtb2oa,
,4yrgue7aws0o,,2s3f57vggi6m
6zatybkakfwj,,,a2sl2srxwces
oviiln9qyq9l,o1fvjyphdqjc,wyhxca6siek4,oxl6zecb54u2
qi4ehp9uubgx,kap6d0szs09p,,
qc4hzo5cue93,11q7watjvkzi,w17x10dg611n,05h8lsk8usq5
7p3rkzsg0hjk,19ir4doiizsi,vuyh311a6p0p,o1vq5y3ep4cu
,,5537t87i80fa,wxx5ccaqt8df
,720pl8g3hp21,,
,xvddexr42mv4,,
7iz4ns3ft7y1,zwc1zmqmy4pk,lf2sk4xgl531,jimfhq88ulxa
epy2nhcyt2lm,,,
4xj3jjm7b47a,rtw6njwfr7mg,wyzpo8xh58fb,d0be0rnfh0zz
s2kit3gq53tv,aulbkehph0vv,,
4xj3jjm7b47a,rtw6njwfr7mg,wyzpo8xh58fb,d0be0rnfh0zz
od0ub60qcxb8,xc8iva8ja4y3,bq28zsdmwtvx,yzrhwg8tea5f
,2jyniz8froy4,,zu7366r9re8s
u56295awrdjk,lmb5x78so8pc,et33y804x0a0,1cpkynz76n6t
zs27ejmph8kw,,by6morzt6mg1,2rgfhgzdwbko
,,,
dy0iwfc8xr8a,lklv6yfo8jdv,7bmxf8wu7qxu,4uyw69lbg4d3
0cfl4vieycwc,f7c89wka52ap,ukzdxh50ldwf,ossi56ryl5cs
7iz4ns3ft7y1,zwc1zmqmy4pk,lf2sk4xgl531,jimfhq88ulxa
si4izgzd89qw,,,
,,,vq9zcpin5amy
7iz4ns3ft7y1,zwc1zmqmy4pk,lf2sk4xgl531,jimfhq88ulxa
,9grgjx75j2cd,tm6fhim5nsw7,00hfblurdg5k
,vcpo7bjoxlkw,xuucxwsyd0fj,
,,,ir9xrdu7a450
m1smg4is0aap,qmnlupxzxop7,24iokpji7lfu,pdczxw7dy34f
,20gled2qppmc,,
,h6edk23wjm8l,3b5h35i5ydb6,
ehwkvgfl416b,aydswrz2i1x3,cokyx8z0outh,8dwlo33x6y87
,,,
,,,
qf9u1ueuvspc,,hhmdpnssf1t4,jr6ysyi0864k
zs27ejmph8kw,,by6morzt6mg1,2rgfhgzdwbko
7p2obkzr6j1q,6p300v3862r1,ece5c0h16i3x,zukbwd2w3cim
tgvozwk860i8,,,mg9w6qsdw2dg
epy2nhcyt2lm,ivcnv5oosg2m,dkrumpzwxxwx,
zdw7pde6n8x1,m8l0phom5wsx,rvx96ogp8gnr,vq9zcpin5amy
lwg3ipijliez,lxuka91zyq0z,,
,,,
,,,
qf9u1ueuvspc,oxrtt1nk2cfi,hhmdpnssf1t4,
,hx5lplorbg1p,,0d6hg38eq9x5
v7xa2n8ko8rc,pq8x34l0k7v5,5qpvj331tz8o,0hv8tuiio419
,,,
hnjr1d0i0akq,l7og1lo4088o,qjoqdq2lwz3u,80ondev6uehq
noul0qid5ikx,,t6amnxzpx35z,ulwjv7eqv3g2
0050vw28ln7b,56gmox9urmak,pykvkz6k6omv,7ubc66sbjogr
,zl5op5sd9c31,bcnl32ufgisl,w945wlgdzsn0
iro0rf47ekxs,503pmbay727f,,vi18n7w6aga9
,11q7watjvkzi,w17x10dg611n,05h8lsk8usq5
8qni70evh11h,i38ughlxxst6,x3t13wtx4p3r,
40gdmwb6clm9,,,
5my155ixjbhu,bj9k2skk8k62,ckc4563hjv39,2dyja5x3fm51
9gnarazxtdcb,s8af5l7hoj90,whdg0vf5ojvr,frokjc3ha98u
cnhfm7zj4h07,wqxznlsa0l2g,,
,zlni4ku5cmsq,,won18u7lrxah
,i38ughlxxst6,x3t13wtx4p3r,3shc6lppm6x8
,v3772knkwwcw,,
51l3mfdpll5w,,,
d3vahucu9pl3,9grgjx75j2cd,tm6fhim5nsw7,00hfblurdg5k
izmb8agph995,2ve2qr6k4g7m,0trn4dzzym59,m65vl9e6bf9w
28up4t9y6p83,1pstk2gc3vjj,rzeimpj99afu,1db1cuoj7llf
,,,
,,5d1546xoh57f,0jqoahd5174g
od0ub60qcxb8,xc8iva8ja4y3,bq28zsdmwtvx,
od0ub60qcxb8,xc8iva8ja4y3,,yzrhwg8tea5f
qf9u1ueuvspc,,hhmdpnssf1t4,jr6ysyi0864k
,3q9mg0d146re,8w81brztsutp,1nvhtq8z2y7f
vrhfc18u4guk,,rxcqvrpzi67q,5f6amyykvw03
,iv3chni4p5md,l8enkq82czie,
,,,
sen5kxape5mo,,,kduo1majzkyn
,,,a03999zt9s5i
oviiln9qyq9l,o1fvjyphdqjc,wyhxca6siek4,oxl6zecb54u2
3bm0u5erym7b,,,
okz9hnbizdi4,yngig6fnw9w4,,
fohl30yop3nm,rti2o2i9no7g,4rhuzxvygzll,lu2mck3zafbi
p7hdkk8byt7i,4yrgue7aws0o,,
jps0cri5vlei,,casb74lq9gxj,
,,,
,,,kduo1majzkyn
9aax2d16vzhc,f89crkgexyuo,,moujmbgp8s21
,,,
,h6edk23wjm8l,,
noul0qid5ikx,wf75358kelb3,,
vrhfc18u4guk,tzfsmu5o2i8x,rxcqvrpzi67q,5f6amyykvw03
,,,
,iv3chni4p5md,,
,yngig6fnw9w4,,gncif5rjwigu
8adnflm98ddu,,,
qqypt9e8jkcw,,z3btt328knmc,
u56295awrdjk,lmb5x78so8pc,et33y804x0a0,1cpkynz76n6t
d3vahucu9pl3,9grgjx75j2cd,tm6fhim5nsw7,
,n6afytm5o07q,,ah7s8ad9ee8f
,,,mvsentm37dvg
,,,
9gnarazxtdcb,s8af5l7hoj90,whdg0vf5ojvr,frokjc3ha98u
2rfxn59xttu7,osomuxvcxqi8,jqpc3r1f3c4m,vwepoxbzluwp
yd8h34gpuoeb,,75125qm6w44t,
2q7c84d4iwgu,,4sy2p3cqtnkq,q1yd2l0717cb
9snrawb26u58,kcfkhgs1xt1f,k771m2v308ye,cm5zqhvufa40
,,,
,,od90ssoq7w7z,mfx02o3gq58x
izmb8agph995,2ve2qr6k4g7m,0trn4dzzym59,m65vl9e6bf9w
,oar6rqwz8moy,,
suydph7n6hej,jc6qiboj0lof,,
hnjr1d0i0akq,l7og1lo4088o,qjoqdq2lwz3u,
yljf00jvs080,3dqmwznvdcdr,,cp8veyv4hlcj
,,,
fohl30yop3nm,rti2o2i9no7g,4rhuzxvygzll,lu2mck3zafbi
8f39t4r56wss,k46dami52x5f,p3w0dt42w7h5,yapdw76xc6xe
7iz4ns3ft7y1,zwc1zmqmy4pk,lf2sk4xgl531,jimfhq88ulxa
p7hdkk8byt7i,4yrgue7aws0o,,
,p88sdz0lenjs,75125qm6w44t,
9snrawb26u58,kcfkhgs1xt1f,,cm5zqhvufa40
,wqxznlsa0l2g,nke7o5dtcys6,
,,,spbba0k5hnga
177aa3jnkk5k,chdp4bys98vt,ciyjxwecx4vp,qylotq1hayyy
,yngig6fnw9w4,,gncif5rjwigu
o951iahykkul,,,nyiep6kz110r
,6ad1zdmhq74m,,eurek5v2z5mc
jopmpz5yk6fq,,olfb4xrxzn6d,
hnjr1d0i0akq,,qjoqdq2lwz3u,80ondev6uehq
o951iahykkul,fhk8l5oiswfk,zk8mg6rqv26v,nyiep6kz110r
qi4ehp9uubgx,,5537t87i80fa,
0cfl4vieycwc,,ukzdxh50ldwf,ossi56ryl5cs
p7hdkk8byt7i,4yrgue7aws0o,79jrjdquk242,2s3f57vggi6m
,y3h9iqx2gd0z,,
p7hdkk8byt7i,4yrgue7aws0o,,
,67nm5qn9e8c9,a5ahmevjj268,
,p88sdz0lenjs,,
,,,
uz8yzqpq3ah5,,od90ssoq7w7z,mfx02o3gq58x
,,,y1hx0s3nhubb
,,,
8qni70evh11h,i38ughlxxst6,,3shc6lppm6x8
,tzfsmu5o2i8x,rxcqvrpzi67q,5f6amyykvw03
,3z1w83rbu415,,2rgfhgzdwbko
,,7bmxf8wu7qxu,4uyw69lbg4d3
2q7c84d4iwgu,yl1amzxqmef6,,
,niynphbi8b0u,,a03999zt9s5i
m1smg4is0aap,qmnlupxzxop7,,pdczxw7dy34f
f6pncudapses,0d8enpaznsar,h3vg6hk6j3nd,z5d2mfwkr2ci
m1u0yofa7ai5,zl5op5sd9c31,bcnl32ufgisl,w945wlgdzsn0
zdw7pde6n8x1,m8l0phom5wsx,,
1m45kr3sygdl,,,l066ojd7loxp
car82aprp3c3,3q9mg0d146re,8w81brztsutp,1nvhtq8z2y7f
8qni70evh11h,i38ughlxxst6,,3shc6lppm6x8
,,,
tgvozwk860i8,9x8vus084btl,ipih2woggj79,mg9w6qsdw2dg
qqypt9e8jkcw,20gled2qppmc,,xr4215bmij07
oviiln9qyq9l,o1fvjyphdqjc,wyhxca6siek4,oxl6zecb54u2
,rmjq4k6z25vc,,
2rfxn59xttu7,osomuxvcxqi8,jqpc3r1f3c4m,vwepoxbzluwp
,chdp4bys98vt,,
7iz4ns3ft7y1,zwc1zmqmy4pk,lf2sk4xgl531,jimfhq88ulxa
qc4hzo5cue93,11q7watjvkzi,w17x10dg611n,05h8lsk8usq5
1m45kr3sygdl,v4i55vstzq8q,,l066ojd7loxp
,,,
9snrawb26u58,,k771m2v308ye,cm5zqhvufa40
40gdmwb6clm9,nhj9f9hh8cma,mqsqv91l49ky,
,,,
qi4ehp9uubgx,,5537t87i80fa,wxx5ccaqt8df
zs27ejmph8kw,3z1w83rbu415,,2rgfhgzdwbko
sen5kxape5mo,twa5d85o13j9,86pyey6bgo8a,kduo1majzkyn
1zbouwr3w6jv,jlfa7oclnudn,,liqgo1ii25ln
,twa5d85o13j9,,
jtiubnnrkl39,x7dl4rb564j4,egxass7976v8,w8d0siltft34
,,,2ts5w1s3z5yx
car82aprp3c3,3q9mg0d146re,,1nvhtq8z2y7f
,l7og1lo4088o,qjoqdq2lwz3u,80ondev6uehq
,,,
qi4ehp9uubgx,kap6d0szs09p,5537t87i80fa,wxx5ccaqt8df
qf9u1ueuvspc,,,jr6ysyi0864k
,nin0ihzkqpmw,,
tw3oollz7thn,bnkcf3hn8e8k,,p970ybwi8v9l
,,,
,v4i55vstzq8q,,l066ojd7loxp
uoczsmrrij6m,qem39hcu8e21,,ir9xrdu7a450
,503pmbay727f,9vbav9vp821m,vi18n7w6aga9
tw3oollz7thn,bnkcf3hn8e8k,,p970ybwi8v9l
5my155ixjbhu,bj9k2skk8k62,ckc4563hjv39,2dyja5x3fm51
,,,
,9x8vus084btl,,
,,9eb9y684g7z1,zmvz8jg08lsl
7p2obkzr6j1q,,ece5c0h16i3x,zukbwd2w3cim
p81lark46l4k,n6afytm5o07q,5yiykasuvu39,ah7s8ad9ee8f
y0p2nqobj6nc,vcpo7bjoxlkw,xuucxwsyd0fj,i8vtoddjfug1
robciguigsl7,,,
,2jyniz8froy4,,
,,,6qw0n8ebutz3
yb1pudotx6l3,2tl5d0xfsnm3,rh3iobnys9sz,z9kymsrenxwf
vrhfc18u4guk,tzfsmu5o2i8x,rxcqvrpzi67q,5f6amyykvw03
,mqrvi6lxe52z,,
,,,
oviiln9qyq9l,o1fvjyphdqjc,wyhxca6siek4,oxl6zecb54u2
zdw7pde6n8x1,m8l0phom5wsx,rvx96ogp8gnr,vq9zcpin5amy
m6tx6xupki51,,u2hayy7kdnpv,0d6hg38eq9x5
587tqnbr4d7i,,,
qf9u1ueuvspc,oxrtt1nk2cfi,hhmdpnssf1t4,jr6ysyi0864k
,twa5d85o13j9,,
zs27ejmph8kw,3z1w83rbu415,,2rgfhgzdwbko
cnhfm7zj4h07,,,
jps0cri5vlei,pobd4wfddhq4,casb74lq9gxj,p6slms725zmi
jopmpz5yk6fq,g8ojoac3n13p,,
,,,
2rfxn59xttu7,osomuxvcxqi8,jqpc3r1f3c4m,vwepoxbzluwp
,zlspd8mb5kfe,,
,,,iibgnhvydcci
,xv78l6n3p3ac,b01512z92gze,c3cunve037ua
9gnarazxtdcb,s8af5l7hoj90,whdg0vf5ojvr,
yb1pudotx6l3,2tl5d0xfsnm3,rh3iobnys9sz,z9kymsrenxwf
,qem39hcu8e21,,ir9xrdu7a450
dhk5y2a1mnb9,,,jopp35kg2ogx
cnhfm7zj4h07,,nke7o5dtcys6,ga6ix3d3u4nr
,cv73kn8tvrij,7w6shbzeh5dv,
,oxrtt1nk2cfi,hhmdpnssf1t4,jr6ysyi0864k
,i2no6z8pq2gc,,
dy0iwfc8xr8a,,,
qi4ehp9uubgx,,,
fohl30yop3nm,rti2o2i9no7g,4rhuzxvygzll,lu2mck3zafbi
7p3rkzsg0hjk,,,
7p2obkzr6j1q,6p300v3862r1,ece5c0h16i3x,zukbwd2w3cim
m1smg4is0aap,qmnlupxzxop7,,
m1smg4is0aap,qmnlupxzxop7,24iokpji7lfu,pdczxw7dy34f
,m8l0phom5wsx,,vq9zcpin5amy
,56gmox9urmak,,7ubc66sbjogr
,,,c7ikprds2d5f
,xvddexr42mv4,9eb9y684g7z1,
,11q7watjvkzi,w17x10dg611n,05h8lsk8usq5
,lklv6yfo8jdv,7bmxf8wu7qxu,
qf9u1ueuvspc,,hhmdpnssf1t4,jr6ysyi0864k
,,u2hayy7kdnpv,0d6hg38eq9x5
,,3r84thgei3jh,x105wtdxadeu
6zatybkakfwj,ilink8xxpp43,1kb8dgzpfm41,a2sl2srxwces
